<?xml version="1.0" encoding="windows-1252"?>
<Collection name="Dashboard-Gridstack" guid="{8a440951-1e76-4b41-8250-6cc968628dc0}" system="No" updatable="Yes" blockNavigatorNode="No" onInstallAddonGuid="">
	<HelpLink></HelpLink>
	<Help></Help>
	<Addon name="Dashboard-Gridstack" guid="{57963a2b-764d-4f60-a137-6d38cb46c020}" type="Add-on">
		<CopyText><![CDATA[<div class="grid-stack">
  <div class="grid-stack-item" data-gs-x="0" data-gs-y="0" data-gs-width="4" data-gs-height="2">
    <div class="grid-stack-item-content text-white bg-success p-3">
      <h6>Headline 1</h6><p>Description description description.</p>      
    </div>
  </div>
  <div class="grid-stack-item" data-gs-x="4" data-gs-y="0" data-gs-width="4" data-gs-height="4">
    <div class="grid-stack-item-content text-white bg-success p-3">
      <h6>Headline 2</h6><p>Description description description.</p>
    </div>
  </div>
  <div class="grid-stack-item" data-gs-x="0" data-gs-y="4" data-gs-width="4" data-gs-height="2">
    <div class="grid-stack-item-content text-white bg-success p-3">
      <div class="text-center">
          <h5 class="card-title">Special title treatment</h5>
          <p class="card-text">With supporting text below as a natural lead-in to additional content.</p>
          <a href="#" class="btn btn-primary">Go somewhere</a>
      </div>
    </div>
  </div>
</div>]]></CopyText>
		<AsAjax>No</AsAjax>
		<Filter>No</Filter>
		<Icon Link="" width="50" height="50" sprites="0" />
		<InIframe>No</InIframe>
		<BlockEditTools>Yes</BlockEditTools>
		<IncludeAddon name="Gridstack" guid="{b231864a-7be9-4df2-a701-7d03faf152c4}"/>
		<IsInline>No</IsInline>
		<JavascriptInHead><![CDATA[var grid = GridStack.init();]]></JavascriptInHead>
		<javascriptForceHead>No</javascriptForceHead>
		<Content>No</Content>
		<Template>No</Template>
		<Email>No</Email>
		<Admin>No</Admin>
		<OnPageEndEvent>No</OnPageEndEvent>
		<OnPageStartEvent>No</OnPageStartEvent>
		<OnBodyStart>No</OnBodyStart>
		<OnBodyEnd>No</OnBodyEnd>
		<RemoteMethod>No</RemoteMethod>
		<Diagnostic>No</Diagnostic>
		<ProcessRunOnce>No</ProcessRunOnce>
		<ProcessInterval>0</ProcessInterval>
		<Styles><![CDATA[.grid-stack-item-content h6 {
    margin-top:0;
}
td#desktop {
    padding: 20px 10px 0 10px;
}]]></Styles>
		<Scripting Language="" EntryPoint="" Timeout="5000"/>
	</Addon>
</Collection>