<?xml version="1.0" encoding="windows-1252"?>
<Collection name="GridStack Javascript Library" guid="{e7d5c472-3e76-4a86-8e69-f79597759a60}" system="No" updatable="Yes" blockNavigatorNode="No" onInstallAddonGuid="">
	<HelpLink></HelpLink>
	<Help></Help>
	<Addon name="Gridstack" guid="{b231864a-7be9-4df2-a701-7d03faf152c4}" type="Add-on">
		<AsAjax>No</AsAjax>
		<Filter>No</Filter>
		<Icon Link="" width="50" height="50" sprites="0" />
		<InIframe>No</InIframe>
		<BlockEditTools>Yes</BlockEditTools>
		<IsInline>No</IsInline>
		<javascriptForceHead>No</javascriptForceHead>
		<JSHeadScriptSrc><![CDATA[https://cdn.jsdelivr.net/npm/gridstack@1.1.0/dist/gridstack.all.js]]></JSHeadScriptSrc>
		<Content>No</Content>
		<Template>No</Template>
		<Email>No</Email>
		<Admin>No</Admin>
		<OnPageEndEvent>No</OnPageEndEvent>
		<OnPageStartEvent>No</OnPageStartEvent>
		<OnBodyStart>No</OnBodyStart>
		<OnBodyEnd>No</OnBodyEnd>
		<RemoteMethod>No</RemoteMethod>
		<Diagnostic>No</Diagnostic>
		<ProcessRunOnce>No</ProcessRunOnce>
		<ProcessInterval>0</ProcessInterval>
		<styleslinkhref><![CDATA[https://cdn.jsdelivr.net/npm/gridstack@1.1.0/dist/gridstack.min.css]]></styleslinkhref>
		<Scripting Language="" EntryPoint="" Timeout="5000"/>
	</Addon>
</Collection>